{
  "tileSize": 32,
  "padding": 2,
  "atlasWidth": 576,
  "atlasHeight": 576,
  "cols": 16,
  "rows": 16,
  "tiles": {
    "bedrock": { "index": 0, "x": 2, "y": 2, "w": 32, "h": 32, "u0": 0.0034722222, "v0": 0.0034722222, "u1": 0.0590277778, "v1": 0.0590277778 },
    "cactus_bottom": { "index": 1, "x": 38, "y": 2, "w": 32, "h": 32, "u0": 0.0659722222, "v0": 0.0034722222, "u1": 0.1215277778, "v1": 0.0590277778 },
    "cactus_side": { "index": 2, "x": 74, "y": 2, "w": 32, "h": 32, "u0": 0.1284722222, "v0": 0.0034722222, "u1": 0.1840277778, "v1": 0.0590277778 },
    "cactus_top": { "index": 3, "x": 110, "y": 2, "w": 32, "h": 32, "u0": 0.1909722222, "v0": 0.0034722222, "u1": 0.2465277778, "v1": 0.0590277778 },
    "coal_ore": { "index": 4, "x": 146, "y": 2, "w": 32, "h": 32, "u0": 0.2534722222, "v0": 0.0034722222, "u1": 0.3090277778, "v1": 0.0590277778 },
    "diamond_ore": { "index": 5, "x": 182, "y": 2, "w": 32, "h": 32, "u0": 0.3159722222, "v0": 0.0034722222, "u1": 0.3715277778, "v1": 0.0590277778 },
    "dirt": { "index": 6, "x": 218, "y": 2, "w": 32, "h": 32, "u0": 0.3784722222, "v0": 0.0034722222, "u1": 0.4340277778, "v1": 0.0590277778 },
    "flower_tree_leaves": { "index": 7, "x": 254, "y": 2, "w": 32, "h": 32, "u0": 0.4409722222, "v0": 0.0034722222, "u1": 0.4965277778, "v1": 0.0590277778 },
    "flower_tree_side": { "index": 8, "x": 290, "y": 2, "w": 32, "h": 32, "u0": 0.5034722222, "v0": 0.0034722222, "u1": 0.5590277778, "v1": 0.0590277778 },
    "flower_tree_top": { "index": 9, "x": 326, "y": 2, "w": 32, "h": 32, "u0": 0.5659722222, "v0": 0.0034722222, "u1": 0.6215277778, "v1": 0.0590277778 },
    "glass": { "index": 10, "x": 362, "y": 2, "w": 32, "h": 32, "u0": 0.6284722222, "v0": 0.0034722222, "u1": 0.6840277778, "v1": 0.0590277778 },
    "gold_ore": { "index": 11, "x": 398, "y": 2, "w": 32, "h": 32, "u0": 0.6909722222, "v0": 0.0034722222, "u1": 0.7465277778, "v1": 0.0590277778 },
    "grass": { "index": 12, "x": 434, "y": 2, "w": 32, "h": 32, "u0": 0.7534722222, "v0": 0.0034722222, "u1": 0.8090277778, "v1": 0.0590277778 },
    "grass2": { "index": 13, "x": 470, "y": 2, "w": 32, "h": 32, "u0": 0.8159722222, "v0": 0.0034722222, "u1": 0.8715277778, "v1": 0.0590277778 },
    "grass_side": { "index": 14, "x": 506, "y": 2, "w": 32, "h": 32, "u0": 0.8784722222, "v0": 0.0034722222, "u1": 0.9340277778, "v1": 0.0590277778 },
    "iron_ore": { "index": 15, "x": 542, "y": 2, "w": 32, "h": 32, "u0": 0.9409722222, "v0": 0.0034722222, "u1": 0.9965277778, "v1": 0.0590277778 },
    "jungle_leaves": { "index": 16, "x": 2, "y": 38, "w": 32, "h": 32, "u0": 0.0034722222, "v0": 0.0659722222, "u1": 0.0590277778, "v1": 0.1215277778 },
    "jungle_tree_side": { "index": 17, "x": 38, "y": 38, "w": 32, "h": 32, "u0": 0.0659722222, "v0": 0.0659722222, "u1": 0.1215277778, "v1": 0.1215277778 },
    "jungle_tree_top": { "index": 18, "x": 74, "y": 38, "w": 32, "h": 32, "u0": 0.1284722222, "v0": 0.0659722222, "u1": 0.1840277778, "v1": 0.1215277778 },
    "leaf": { "index": 19, "x": 110, "y": 38, "w": 32, "h": 32, "u0": 0.1909722222, "v0": 0.0659722222, "u1": 0.2465277778, "v1": 0.1215277778 },
    "podzol_side": { "index": 20, "x": 146, "y": 38, "w": 32, "h": 32, "u0": 0.2534722222, "v0": 0.0659722222, "u1": 0.3090277778, "v1": 0.1215277778 },
    "podzol_top": { "index": 21, "x": 182, "y": 38, "w": 32, "h": 32, "u0": 0.3159722222, "v0": 0.0659722222, "u1": 0.3715277778, "v1": 0.1215277778 },
    "sand": { "index": 22, "x": 218, "y": 38, "w": 32, "h": 32, "u0": 0.3784722222, "v0": 0.0659722222, "u1": 0.4340277778, "v1": 0.1215277778 },
    "snow": { "index": 23, "x": 254, "y": 38, "w": 32, "h": 32, "u0": 0.4409722222, "v0": 0.0659722222, "u1": 0.4965277778, "v1": 0.1215277778 },
    "snow_leaves": { "index": 24, "x": 290, "y": 38, "w": 32, "h": 32, "u0": 0.5034722222, "v0": 0.0659722222, "u1": 0.5590277778, "v1": 0.1215277778 },
    "stone": { "index": 25, "x": 326, "y": 38, "w": 32, "h": 32, "u0": 0.5659722222, "v0": 0.0659722222, "u1": 0.6215277778, "v1": 0.1215277778 }
  }
}
